relative_path,bytes,sha256,role,git_policy
data/DSC_6792.JPG,6072495,8E6F23542248F4E80FCD2AA9C956CB05F554E04E8594055BCFF34E52881E145B,real-to-virtual-original-still,external package only
data/DSC_6968.JPG,6453023,920376DF77A69F511E1C569EBE80DD4FF1B2833A5985E9DC4B5B3C834881C23B,real-to-virtual-original-still,external package only
data/DSC_6987.JPG,6439288,D001518AB3944FDD72B0033DAFB810FEB56B20CCDF54682D72A7708F1F48FA22,real-to-virtual-original-still,external package only
data/DSC_6988.JPG,6566427,0D428913039772433E01CADD3BFC542E8B612410509FA920DE575D8B3EC2A1E6,real-to-virtual-original-still,external package only
data/DSC_6993.JPG,6473841,CCA7FD5D09C81AFFA332E1BBE5232660532699BAB1B5835E78558852502F3FE1,real-to-virtual-original-still,external package only
data/DSC_6995.JPG,6590454,79114C442DE06D7D2230443B705075C3F0F6709D0DBF1A71B8AA6F2DD87A4324,real-to-virtual-original-still,external package only
data/DSC_6996.JPG,6331481,30CA45B21E3FDDA0EA624EB4B709193B4F456EADAB7AD9888794231EDCBFBBE4,real-to-virtual-original-still,external package only
data/DSC_6997.JPG,6330345,C2918ACDD9345665D57092DC662BD8F2848CC876181E29032E97B667CA6FB1F9,real-to-virtual-original-still,external package only
data/虚拟与真实抓取放置实验/仿真环境单臂-抓取木棍到容器里-俯腕视角/6月21日(2)/6月21日(2).mp4,3701598,34B230EBA43D82A62BF658CBD607581749A495E3BEFE78A886D9C68324FFB194,simulation-original-video,external package only
data/虚拟与真实抓取放置实验/仿真环境单臂-抓取木棍到容器里-俯腕视角/6月21日/6月21日.mp4,3838842,8323278AADEA5C3A793FC9F2F008DE29D1D73338B6C9661C4F5B747D31F590F6,simulation-original-video,external package only
data/虚拟与真实抓取放置实验/仿真环境单臂-抓取木棍到容器里/6月19日(1)/6月19日(1).mp4,11418920,02A7E911DA5FCC7AD10D347CD4DBCA9DB98118DD3B7ACD50A5A4B8BB8940E4C4,simulation-original-video,external package only
data/虚拟与真实抓取放置实验/仿真环境单臂-抓取玉米到锅里-俯腕视角/6月21日(2)/6月21日(2).mp4,3193178,835720E8C32953533F3AB79248A69C5199EA8CEFD39F9A761AD948CA1F8BD4FB,simulation-original-video,external package only
data/虚拟与真实抓取放置实验/仿真环境单臂-抓取玉米到锅里-俯腕视角/6月21日/6月21日.mp4,3570359,F25546A286C7A7E56D40CD2916C9026A908928D7EB8A55D23CED45951D753C03,simulation-original-video,external package only
data/虚拟与真实抓取放置实验/仿真环境单臂-抓取玉米到锅里/6月19日/6月19日.mp4,9296961,81FD98262FE6C46322524ADA28FC2AFCA93FCC0D4DD0EB6587197FE63B1FA90B,simulation-original-video,external package only
data/虚拟与真实抓取放置实验/单臂抓取木棍到容器里/observation.images.front/episode_000000.mp4,4670735,B23D47922BE8AC37D05972819217EFD179034DB724B3433C4DCD787D03C58AD3,paired-real-front-video,external package only
data/虚拟与真实抓取放置实验/单臂抓取木棍到容器里/observation.images.front/episode_000001.mp4,4425817,B0EA4EAD28E897C305375E2B35FB28EC758BBB10ECE6CA9F5A4668FC50AE1125,paired-real-front-video,external package only
data/虚拟与真实抓取放置实验/单臂抓取木棍到容器里/observation.images.front/episode_000002.mp4,4517913,572F7F5A84FD8DC9104D8D241DEC5CD167B1C292E6FFBAA06BA0B6D2C1F9F461,paired-real-front-video,external package only
data/虚拟与真实抓取放置实验/单臂抓取木棍到容器里/observation.images.front/episode_000003.mp4,3844644,D14384F08DC3FCE34510B24D82579CDEAB7A37753C07647294F99BC70E4FBACD,paired-real-front-video,external package only
data/虚拟与真实抓取放置实验/单臂抓取木棍到容器里/observation.images.front/episode_000004.mp4,4372489,E65639725D9A2F03C72E41020755A58934C764981A86CAB7E9CB45851EBB7CBA,paired-real-front-video,external package only
data/虚拟与真实抓取放置实验/单臂抓取木棍到容器里/observation.images.front/episode_000005.mp4,7538141,2007BA68E98C665460FFCA2C7CFBF19C9A4B5161FF6C24BEDA21070086B67D3E,paired-real-front-video,external package only
data/虚拟与真实抓取放置实验/单臂抓取木棍到容器里/observation.images.wrist/episode_000000.mp4,1646150,33C710CC6BE044ECFFAA5E0D180E46D9D75404C6D9E0787A428783A49D53B417,paired-real-wrist-video,external package only
data/虚拟与真实抓取放置实验/单臂抓取木棍到容器里/observation.images.wrist/episode_000001.mp4,1418609,B55374163F8F6144BC7403E892AFB0D58E80B371303AEB6BC70A2387E1E6C9AA,paired-real-wrist-video,external package only
data/虚拟与真实抓取放置实验/单臂抓取木棍到容器里/observation.images.wrist/episode_000002.mp4,1627226,C398B2C9A91D8D37A5C233AB64288B37A6C5A18973113A9AD3C7A6A79DFFE4B2,paired-real-wrist-video,external package only
data/虚拟与真实抓取放置实验/单臂抓取木棍到容器里/observation.images.wrist/episode_000003.mp4,1530676,58A110B68F003131447B0A6CF1D9E751C095241286E951C2FE9DACF2D4A7E1BB,paired-real-wrist-video,external package only
data/虚拟与真实抓取放置实验/单臂抓取木棍到容器里/observation.images.wrist/episode_000004.mp4,1789797,F8889C87D241DFC6F813FFDCD0019A298B6CA99A8517F4FF869BC7CEE6B5C25B,paired-real-wrist-video,external package only
data/虚拟与真实抓取放置实验/单臂抓取木棍到容器里/observation.images.wrist/episode_000005.mp4,2931660,82966B8493F92645BD65B725285D17116328AF41FA9D36D63217D21316CA6493,paired-real-wrist-video,external package only
data/虚拟与真实抓取放置实验/单臂抓取玉米到锅里/observation.images.front/episode_000008.mp4,4490843,71D8C1363B12241D244B63C3C5567D085D4D7E39C318FA267D82E9217BF1C4D2,paired-real-front-video,external package only
data/虚拟与真实抓取放置实验/单臂抓取玉米到锅里/observation.images.front/episode_000009.mp4,3343432,A6902826A7775CB0FC2EE0F777EED1A6EF0F782A6192F64778047F4450F16068,paired-real-front-video,external package only
data/虚拟与真实抓取放置实验/单臂抓取玉米到锅里/observation.images.wrist/episode_000008.mp4,1712040,866732F2BD0593958C8107F6033F2287D3ED95F54DFA2585BF0F4EF1409BF725,paired-real-wrist-video,external package only
data/虚拟与真实抓取放置实验/单臂抓取玉米到锅里/observation.images.wrist/episode_000009.mp4,1403907,B3FFAB5897DE51CEFBC86BC639B1010F6C69BC3A5DB7F8DF41AF690B9CB2A3B0,paired-real-wrist-video,external package only
data/虚拟与真实拨弄实验/仿真环境单臂-拨弄壶-俯腕视角/6月21日(1)/6月21日(1).mp4,2823798,24594BCEDE8B62F498A1FBAFA233F28CE288470E2F1F638A05AC9FAB125E6BB5,simulation-original-video,external package only
data/虚拟与真实拨弄实验/仿真环境单臂-拨弄壶-俯腕视角/6月21日/6月21日.mp4,3392307,F44C66DE010770B6D8EB45FA4861772F82245EAC3643ED43CE7C652AB738582F,simulation-original-video,external package only
data/虚拟与真实拨弄实验/仿真环境单臂-拨弄壶/6月19日/6月19日.mp4,11121285,FD66600ACA84B0C1EC11E8A51BAD67CE5758A0771AA4CAAB3F1E09B8D889D1AE,simulation-original-video,external package only
data/虚拟与真实拨弄实验/仿真环境单臂-拨弄宇容器-俯腕视角/6月21日(1)/6月21日(1).mp4,1466541,522F5A1813C9EAA3849FDDCD92F2B253D07E8E9B80401F7FA912B067142D9253,simulation-original-video,external package only
data/虚拟与真实拨弄实验/仿真环境单臂-拨弄宇容器-俯腕视角/6月21日/6月21日.mp4,2053785,01C37A90A9C427D58C8D4B3E9445F944D08CB1A7CF6A85704ADC75F710787F61,simulation-original-video,external package only
data/虚拟与真实拨弄实验/仿真环境单臂-拨弄宇航员-俯腕视角/6月21日(2)/6月21日(2).mp4,3948921,16AA7B0873F39FB2AE798E8C4ECF6AD361CB0FCC16C0C5C331DFD861D83E9A3E,simulation-original-video,external package only
data/虚拟与真实拨弄实验/仿真环境单臂-拨弄宇航员-俯腕视角/6月21日/6月21日.mp4,4528782,E6743E3DA8BC9FF9E8BA4D4930B92D4AA1CBEE98C20256DC3AB8F11A500630E1,simulation-original-video,external package only
data/虚拟与真实拨弄实验/仿真环境单臂-拨弄宇航员/6月19日(1)/6月19日(1).mp4,22692848,586AEC7A0A5E9467645D7ADE99253057B41EEC8A2F07E6757C8D7920DDA44616,simulation-original-video,external package only
data/虚拟与真实拨弄实验/仿真环境单臂-拨弄容器/6月19日/6月19日.mp4,5765480,A2E7499D56853FB0BD80AF86A3071EBBE6C08051932CDC47D4C1C0FCF4193819,simulation-original-video,external package only
data/虚拟与真实拨弄实验/仿真环境单臂-拨弄木棍/6月19日(1)/6月19日(1).mp4,7626630,9BDF9C3C7F505E0851CF4ACF6A6AD90E0A934AEC556B4DDE806E9D9D60E00743,simulation-original-video,external package only
data/虚拟与真实拨弄实验/仿真环境单臂-拨弄玉米-俯腕视角/6月21日(1)/6月21日(1).mp4,1373474,1898172AF362948721736C9145A12440C3FDFF601293A7FA6AACEA6DF00634A4,simulation-original-video,external package only
data/虚拟与真实拨弄实验/仿真环境单臂-拨弄玉米-俯腕视角/6月21日/6月21日.mp4,2024594,F691AF7D2140570435657A7125609094EDF8A66C0CF51CDD6CA5B2781FEBB648,simulation-original-video,external package only
data/虚拟与真实拨弄实验/仿真环境单臂-拨弄玉米/6月19日(2)/6月19日(2).mp4,11528975,18158D3A72F5D12C351F4581F09B5C2C534375B0B9D5B178C69FFAEF48442C46,simulation-original-video,external package only
data/虚拟与真实拨弄实验/仿真环境单臂-拨弄锅/6月19日(3)/6月19日(3).mp4,14755030,E779D155E1494850BDFA6406CC47347D1F07C9C03C328A348D59F073E5D97C38,simulation-original-video,external package only
data/虚拟与真实拨弄实验/单臂拨弄宇航员手办/observation.images.front/episode_000013.mp4,24729686,FF49BD10A8ECEDCFBDB29C2EA088331670D25B2ED0F9EE1A3D3BC705A8B23189,paired-real-front-video,external package only
data/虚拟与真实拨弄实验/单臂拨弄宇航员手办/observation.images.wrist/episode_000013.mp4,10483953,499AFAE7FB40AA5DB68DD0FAEE5734E1602FA504A1F17341A2D09CCEE1DEDC06,paired-real-wrist-video,external package only
data/虚拟与真实拨弄实验/单臂拨弄容器/observation.images.front/episode_000012.mp4,15796311,297F1C7279D1EC2ABE8EEEA738AA706812BBD2B5FEC9DDC08A17A229A02D1A1A,paired-real-front-video,external package only
data/虚拟与真实拨弄实验/单臂拨弄容器/observation.images.wrist/episode_000012.mp4,6837529,72BBFE5F1EF7276605C0859C588E0FEBF84D5C69ED5BF99354DD5A4D94146A0A,paired-real-wrist-video,external package only
data/虚拟与真实拨弄实验/单臂拨弄木棍/observation.images.front/episode_000019.mp4,10777956,B6D9283660D6CDD9FB87A217DCB22775AEC764D7C8D4CA4ECA57340A19D0D786,paired-real-front-video,external package only
data/虚拟与真实拨弄实验/单臂拨弄木棍/observation.images.wrist/episode_000019.mp4,3243862,4C2F4B87AE1593797BB5384B02F3420BB4F62200FD17F147BC00D20276157EA3,paired-real-wrist-video,external package only
data/虚拟与真实拨弄实验/单臂拨弄水壶/observation.images.front/episode_000014.mp4,7135158,FE7B128DD693FBC10592D093B17FC29403AC704D6EF927B06F628FB1C27DB4DE,paired-real-front-video,external package only
data/虚拟与真实拨弄实验/单臂拨弄水壶/observation.images.front/episode_000015.mp4,7416369,208E0A435EA3D573BACBA2044AFAB538C201927DFB7A95E69D76A9611D69EB1C,paired-real-front-video,external package only
data/虚拟与真实拨弄实验/单臂拨弄水壶/observation.images.wrist/episode_000014.mp4,3341014,7A28FCA08DD645A9DD74EFAFD52532C8AA839F5FE1CB51008AC6B3E59EE4C9BD,paired-real-wrist-video,external package only
data/虚拟与真实拨弄实验/单臂拨弄水壶/observation.images.wrist/episode_000015.mp4,3522765,2FF751CC2A32C2EE5C305CCCB33425E22E748261C8C80549BAA0407B4477F7C4,paired-real-wrist-video,external package only
data/虚拟与真实拨弄实验/单臂拨弄玉米/observation.images.front/episode_000011.mp4,22885822,93D28A07E06AE9D46CF2310040384F14E0D6F54D6BA2EA6F418FBF745EA301B9,paired-real-front-video,external package only
data/虚拟与真实拨弄实验/单臂拨弄玉米/observation.images.wrist/episode_000011.mp4,6951954,67B588F50DE5923C7BEA4BFE4557B106AD69E3F10F9D873C73EB25B04BE0E649,paired-real-wrist-video,external package only
data/虚拟与真实拨弄实验/单臂拨弄锅/observation.images.front/episode_000016.mp4,19728320,347138D3C46264A28097A04C520B22BC07CC913494E38EE5CA45F7792568E69E,paired-real-front-video,external package only
data/虚拟与真实拨弄实验/单臂拨弄锅/observation.images.wrist/episode_000016.mp4,7772396,E7CE51C11D2364B9AAE7A13707CC0EF716E9524889C71A01634EA1A0CD0ED79D,paired-real-wrist-video,external package only
results/desk/desk.mp4,13545392,89ACAE933712CB3AE6C88D8024B7EBE09B029CB9C051638A0C467795EA5582C7,qualitative-original-video,external package only
results/fallAstr/AstrSim/AstrSim.mp4,5142242,1700DA2EC4DEEF2340FB26C61CB40C000CD6A7E9C5AE236DCEAD8FC3300E6E7D,qualitative-original-video,external package only
results/fallAstr/fallAstr.mp4,1817293,60351B9848A949AA4FD97DE39269AACBE85876921E1547B2C049B265EE145EB1,qualitative-original-video,external package only
results/fallBox/boxsim/boxsim.mp4,4292558,CCE00E556336581A534999A5C3F4DF0914A2AF5560A03E450A7EAA76173FB755,qualitative-original-video,external package only
results/fallBox/DSC_6922.JPG,7011103,5E0DF1087A62C5D8DC8082ABEF2EDB30A47AD2AEC1AC61DA64A7B87F7B1274BD,qualitative-real-still,external package only
results/fallBox/fallBox.mp4,6225115,8E67B71E8B4FE4C45F5B45F1429ED451C6DF6D686418E04E5696DB8427CBFD40,qualitative-original-video,external package only
results/fallCattle/CattleSim/CattleSim.mp4,11371436,45603922F115C1AACFD62B48E9D0BCD5E0ADF30193F8CD205F8CA56926E9FB57,qualitative-original-video,external package only
results/fallCattle/fallCattle.mp4,1592100,6E0371963C176743F9EE55BE7C8F193CC3BAA0DCC2D7DD5B07161AC4C6362EDC,qualitative-original-video,external package only
